node_1,node_2,node_3,cell_type_1,cell_type_2,cell_type_3,pattern
351,361,366,CAF,CAF,Endothelial,CAF - CAF - Endothelial
91,427,449,Malignant,Pericyte,Malignant,Malignant - Malignant - Pericyte
61,327,336,CAF,Plasma,Dendritic (activated),CAF - Dendritic (activated) - Plasma
69,357,378,Macrophage,Macrophage,Malignant,Macrophage - Macrophage - Malignant
77,385,401,Pericyte,Endothelial,CAF,CAF - Endothelial - Pericyte
509,529,540,Malignant,CAF,CAF,CAF - CAF - Malignant
59,363,365,Dendritic (activated),CAF,CAF,CAF - CAF - Dendritic (activated)
2,11,17,Macrophage,Macrophage,Plasma,Macrophage - Macrophage - Plasma
15,16,168,Macrophage,Malignant,Pericyte,Macrophage - Malignant - Pericyte
62,64,367,Plasma,Malignant,CAF,CAF - Malignant - Plasma
438,446,468,CAF,Macrophage,Natural killer,CAF - Macrophage - Natural killer
403,421,429,Macrophage,CAF,CAF,CAF - CAF - Macrophage
428,460,467,Macrophage,Pericyte,CAF,CAF - Macrophage - Pericyte
549,556,579,Endothelial,Pericyte,CAF,CAF - Endothelial - Pericyte
12,176,178,Plasma,Macrophage,CAF,CAF - Macrophage - Plasma
138,575,582,Malignant,Malignant,CAF,CAF - Malignant - Malignant
210,239,245,Endothelial,CAF,Plasma,CAF - Endothelial - Plasma
278,282,289,Pericyte,Plasma,Smooth muscle,Pericyte - Plasma - Smooth muscle
487,491,501,Endothelial,CAF,Plasma,CAF - Endothelial - Plasma
94,95,97,Macrophage,Malignant,Malignant,Macrophage - Malignant - Malignant
103,461,465,Malignant,Malignant,Malignant,Malignant - Malignant - Malignant
440,444,465,CAF,Malignant,Malignant,CAF - Malignant - Malignant
521,532,551,Pericyte,CAF,Mast,CAF - Mast - Pericyte
75,385,401,Plasma,Endothelial,CAF,CAF - Endothelial - Plasma
79,437,440,Macrophage,CAF,CAF,CAF - CAF - Macrophage
262,268,276,CAF,CAF,CAF,CAF - CAF - CAF
10,12,162,Mast,Plasma,Plasma,Mast - Plasma - Plasma
146,150,154,CAF,Schwann/nerve,CAF,CAF - CAF - Schwann/nerve
264,272,273,CAF,Macrophage,CAF,CAF - CAF - Macrophage
510,521,532,Endothelial,Pericyte,CAF,CAF - Endothelial - Pericyte
38,250,300,CAF,CAF,Malignant,CAF - CAF - Malignant
54,303,315,Macrophage,Endothelial,Macrophage,Endothelial - Macrophage - Macrophage
183,186,198,Mast,Mast,CAF,CAF - Mast - Mast
545,552,560,Macrophage,Plasma,Endothelial,Endothelial - Macrophage - Plasma
231,237,262,Mast,Mast,CAF,CAF - Mast - Mast
484,496,499,CAF,CAF,Endothelial,CAF - CAF - Endothelial
503,527,528,CAF,Malignant,CAF,CAF - CAF - Malignant
77,380,407,Pericyte,CAF,Plasma,CAF - Pericyte - Plasma
186,213,221,Mast,CAF,CAF,CAF - CAF - Mast
276,299,304,CAF,CAF,CAF,CAF - CAF - CAF
198,213,255,CAF,CAF,Malignant,CAF - CAF - Malignant
12,160,166,Plasma,Schwann/nerve,CAF,CAF - Plasma - Schwann/nerve
498,507,524,Macrophage,Endothelial,Malignant,Endothelial - Macrophage - Malignant
72,387,420,CAF,Smooth muscle,Smooth muscle,CAF - Smooth muscle - Smooth muscle
412,414,460,CAF,CAF,Pericyte,CAF - CAF - Pericyte
20,180,194,CAF,Schwann/nerve,Plasma,CAF - Plasma - Schwann/nerve
170,177,180,Schwann/nerve,Schwann/nerve,Schwann/nerve,Schwann/nerve - Schwann/nerve - Schwann/nerve
33,34,259,Plasma,Dendritic (conventional),CAF,CAF - Dendritic (conventional) - Plasma
109,111,124,Plasma,Endothelial,Macrophage,Endothelial - Macrophage - Plasma
137,553,576,Malignant,CAF,CAF,CAF - CAF - Malignant
263,270,299,Macrophage,Plasma,CAF,CAF - Macrophage - Plasma
123,511,519,Malignant,Malignant,Malignant,Malignant - Malignant - Malignant
310,323,334,Pericyte,Dendritic (activated),Neutrophil,Dendritic (activated) - Neutrophil - Pericyte
2,6,199,Macrophage,CAF,Mast,CAF - Macrophage - Mast
399,403,429,CAF,Macrophage,CAF,CAF - CAF - Macrophage
407,425,434,Plasma,CAF,Pericyte,CAF - Pericyte - Plasma
432,445,466,CAF,Malignant,CAF,CAF - CAF - Malignant
513,522,526,CAF,CAF,Malignant,CAF - CAF - Malignant
250,261,300,CAF,CAF,Malignant,CAF - CAF - Malignant
108,116,118,Malignant,Malignant,Malignant,Malignant - Malignant - Malignant
113,120,123,Macrophage,Malignant,Malignant,Macrophage - Malignant - Malignant
181,191,194,CAF,Plasma,Plasma,CAF - Plasma - Plasma
214,216,240,Plasma,CAF,CAF,CAF - CAF - Plasma
83,88,89,Malignant,Malignant,Malignant,Malignant - Malignant - Malignant
426,448,460,CAF,Malignant,Pericyte,CAF - Malignant - Pericyte
486,492,562,CAF,Plasma,CAF,CAF - CAF - Plasma
257,258,274,Schwann/nerve,Macrophage,CAF,CAF - Macrophage - Schwann/nerve
580,581,583,Macrophage,Dendritic (activated),Malignant,Dendritic (activated) - Macrophage - Malignant
484,490,497,CAF,CAF,CAF,CAF - CAF - CAF
42,45,311,Malignant,Malignant,Malignant,Malignant - Malignant - Malignant
196,197,209,Endothelial,CAF,CAF,CAF - CAF - Endothelial
242,265,271,CAF,CAF,CAF,CAF - CAF - CAF
430,442,453,CAF,Plasma,Smooth muscle,CAF - Plasma - Smooth muscle
90,420,445,Malignant,Smooth muscle,Malignant,Malignant - Malignant - Smooth muscle
64,71,380,Malignant,Plasma,CAF,CAF - Malignant - Plasma
270,295,299,Plasma,CAF,CAF,CAF - CAF - Plasma
293,326,331,CAF,Smooth muscle,Macrophage,CAF - Macrophage - Smooth muscle
174,184,189,CAF,CAF,CAF,CAF - CAF - CAF
74,76,403,Malignant,CAF,Macrophage,CAF - Macrophage - Malignant
127,519,549,Malignant,Malignant,Endothelial,Endothelial - Malignant - Malignant
325,329,338,Macrophage,Pericyte,Malignant,Macrophage - Malignant - Pericyte
129,547,557,Malignant,Malignant,Malignant,Malignant - Malignant - Malignant
391,409,431,CAF,Macrophage,CAF,CAF - CAF - Macrophage
399,429,432,CAF,CAF,CAF,CAF - CAF - CAF
14,162,168,Plasma,Plasma,Pericyte,Pericyte - Plasma - Plasma
481,486,492,CAF,CAF,Plasma,CAF - CAF - Plasma
115,501,513,CAF,Plasma,CAF,CAF - CAF - Plasma
481,559,562,CAF,CAF,CAF,CAF - CAF - CAF
39,40,44,Plasma,Plasma,Macrophage,Macrophage - Plasma - Plasma
577,578,579,CAF,CD8+ T,CAF,CAF - CAF - CD8+ T
28,238,242,Malignant,CAF,CAF,CAF - CAF - Malignant
72,372,399,CAF,CAF,CAF,CAF - CAF - CAF
136,139,547,Malignant,Malignant,Malignant,Malignant - Malignant - Malignant
38,283,301,CAF,CAF,CAF,CAF - CAF - CAF
99,479,494,Malignant,Malignant,CAF,CAF - Malignant - Malignant
79,388,417,Macrophage,Macrophage,Macrophage,Macrophage - Macrophage - Macrophage
139,569,571,Malignant,Malignant,Malignant,Malignant - Malignant - Malignant
256,258,265,CAF,Macrophage,CAF,CAF - CAF - Macrophage
543,546,550,CAF,CAF,CAF,CAF - CAF - CAF
29,208,218,Macrophage,CAF,Macrophage,CAF - Macrophage - Macrophage
524,531,555,Malignant,CAF,Endothelial,CAF - Endothelial - Malignant
111,119,124,Endothelial,Plasma,Macrophage,Endothelial - Macrophage - Plasma
410,426,427,CAF,CAF,Pericyte,CAF - CAF - Pericyte
91,97,448,Malignant,Malignant,Malignant,Malignant - Malignant - Malignant
108,473,494,Malignant,Endothelial,CAF,CAF - Endothelial - Malignant
25,226,234,CAF,Endothelial,Dendritic (conventional),CAF - Dendritic (conventional) - Endothelial
238,242,265,CAF,CAF,CAF,CAF - CAF - CAF
294,296,312,CAF,CAF,Smooth muscle,CAF - CAF - Smooth muscle
81,418,455,CAF,CAF,CAF,CAF - CAF - CAF
124,512,518,Macrophage,Macrophage,CAF,CAF - Macrophage - Macrophage
213,230,255,CAF,CAF,Malignant,CAF - CAF - Malignant
359,362,372,CAF,CAF,CAF,CAF - CAF - CAF
520,531,535,CAF,CAF,CAF,CAF - CAF - CAF
80,401,406,Plasma,CAF,Plasma,CAF - Plasma - Plasma
80,430,442,Plasma,CAF,Plasma,CAF - Plasma - Plasma
400,404,450,Pericyte,Mast,Plasma,Mast - Pericyte - Plasma
68,369,374,CAF,Mast,Plasma,CAF - Mast - Plasma
59,333,336,Dendritic (activated),Macrophage,Dendritic (activated),Dendritic (activated) - Dendritic (activated) - Macrophage
66,300,353,Macrophage,Malignant,CAF,CAF - Macrophage - Malignant
66,353,356,Macrophage,CAF,Plasma,CAF - Macrophage - Plasma
156,159,164,Malignant,Smooth muscle,Pericyte,Malignant - Pericyte - Smooth muscle
304,323,341,CAF,Dendritic (activated),Pericyte,CAF - Dendritic (activated) - Pericyte
312,316,319,Smooth muscle,Malignant,CAF,CAF - Malignant - Smooth muscle
42,45,297,Malignant,Malignant,Malignant,Malignant - Malignant - Malignant
332,337,361,CAF,Mast,CAF,CAF - CAF - Mast
137,576,578,Malignant,CAF,CD8+ T,CAF - CD8+ T - Malignant
34,275,284,Dendritic (conventional),Macrophage,Macrophage,Dendritic (conventional) - Macrophage - Macrophage
135,139,547,Macrophage,Malignant,Malignant,Macrophage - Malignant - Malignant
283,296,307,CAF,CAF,Smooth muscle,CAF - CAF - Smooth muscle
125,126,521,Plasma,Plasma,Pericyte,Pericyte - Plasma - Plasma
178,181,191,CAF,CAF,Plasma,CAF - CAF - Plasma
53,342,343,Mast,CAF,CAF,CAF - CAF - Mast
170,180,194,Schwann/nerve,Schwann/nerve,Plasma,Plasma - Schwann/nerve - Schwann/nerve
228,232,248,Macrophage,CAF,CAF,CAF - CAF - Macrophage
483,504,516,Macrophage,CAF,CAF,CAF - CAF - Macrophage
515,540,556,Malignant,CAF,Pericyte,CAF - Malignant - Pericyte
393,413,417,Macrophage,Malignant,Macrophage,Macrophage - Macrophage - Malignant
24,200,211,Macrophage,Macrophage,CAF,CAF - Macrophage - Macrophage
30,202,217,Malignant,CAF,Plasma,CAF - Malignant - Plasma
133,134,138,Malignant,Malignant,Malignant,Malignant - Malignant - Malignant
186,198,213,Mast,CAF,CAF,CAF - CAF - Mast
23,28,234,Macrophage,Malignant,Dendritic (conventional),Dendritic (conventional) - Macrophage - Malignant
286,295,302,Plasma,CAF,Macrophage,CAF - Macrophage - Plasma
287,294,296,CAF,CAF,CAF,CAF - CAF - CAF
233,237,263,Dendritic (activated),Mast,Macrophage,Dendritic (activated) - Macrophage - Mast
8,158,169,Mast,CAF,Plasma,CAF - Mast - Plasma
95,97,101,Malignant,Malignant,Malignant,Malignant - Malignant - Malignant
2,17,199,Macrophage,Plasma,Mast,Macrophage - Mast - Plasma
142,144,146,CAF,Plasma,CAF,CAF - CAF - Plasma
219,227,229,Malignant,CAF,Plasma,CAF - Malignant - Plasma
379,400,404,CAF,Pericyte,Mast,CAF - Mast - Pericyte
397,408,410,CAF,CAF,CAF,CAF - CAF - CAF
522,534,536,CAF,Malignant,Dendritic (activated),CAF - Dendritic (activated) - Malignant
70,384,387,CAF,Natural killer,Smooth muscle,CAF - Natural killer - Smooth muscle
217,235,252,Plasma,CAF,Endothelial,CAF - Endothelial - Plasma
6,147,157,CAF,Macrophage,Malignant,CAF - Macrophage - Malignant
128,565,573,Macrophage,Malignant,CAF,CAF - Macrophage - Malignant
391,395,411,CAF,CAF,CAF,CAF - CAF - CAF
126,506,512,Plasma,Plasma,Macrophage,Macrophage - Plasma - Plasma
351,366,375,CAF,Endothelial,CAF,CAF - CAF - Endothelial
26,27,163,Dendritic (activated),Macrophage,Malignant,Dendritic (activated) - Macrophage - Malignant
0,9,148,Malignant,Macrophage,CAF,CAF - Macrophage - Malignant
210,245,246,Endothelial,Plasma,Smooth muscle,Endothelial - Plasma - Smooth muscle
434,451,456,Pericyte,CAF,Smooth muscle,CAF - Pericyte - Smooth muscle
78,399,403,CAF,CAF,Macrophage,CAF - CAF - Macrophage
79,376,388,Macrophage,Macrophage,Macrophage,Macrophage - Macrophage - Macrophage
122,125,506,Plasma,Plasma,Plasma,Plasma - Plasma - Plasma
130,536,544,Malignant,Dendritic (activated),Malignant,Dendritic (activated) - Malignant - Malignant
235,249,270,CAF,CAF,Plasma,CAF - CAF - Plasma
325,331,338,Macrophage,Macrophage,Malignant,Macrophage - Macrophage - Malignant
147,152,161,Macrophage,Macrophage,Pericyte,Macrophage - Macrophage - Pericyte
265,271,287,CAF,CAF,CAF,CAF - CAF - CAF
135,139,569,Macrophage,Malignant,Malignant,Macrophage - Malignant - Malignant
17,163,210,Plasma,Malignant,Endothelial,Endothelial - Malignant - Plasma
3,5,152,Macrophage,Pericyte,Macrophage,Macrophage - Macrophage - Pericyte
0,9,13,Malignant,Macrophage,Plasma,Macrophage - Malignant - Plasma
19,23,200,Plasma,Macrophage,Macrophage,Macrophage - Macrophage - Plasma
173,177,180,CAF,Schwann/nerve,Schwann/nerve,CAF - Schwann/nerve - Schwann/nerve
441,483,495,Malignant,Macrophage,CAF,CAF - Macrophage - Malignant
446,466,468,Macrophage,CAF,Natural killer,CAF - Macrophage - Natural killer
65,67,75,Plasma,Treg,Plasma,Plasma - Plasma - Treg
560,564,566,Endothelial,CAF,CAF,CAF - CAF - Endothelial
502,520,533,CAF,CAF,CAF,CAF - CAF - CAF
258,265,296,Macrophage,CAF,CAF,CAF - CAF - Macrophage
241,251,259,Endothelial,Malignant,CAF,CAF - Endothelial - Malignant
445,459,469,Malignant,Macrophage,CAF,CAF - Macrophage - Malignant
390,415,416,CAF,Macrophage,Malignant,CAF - Macrophage - Malignant
88,93,444,Malignant,Malignant,Malignant,Malignant - Malignant - Malignant
275,284,286,Macrophage,Macrophage,Plasma,Macrophage - Macrophage - Plasma
338,339,344,Malignant,Plasma,Plasma,Malignant - Plasma - Plasma
417,419,433,Macrophage,Macrophage,CAF,CAF - Macrophage - Macrophage
114,117,488,Plasma,Plasma,Pericyte,Pericyte - Plasma - Plasma
46,288,303,Plasma,Malignant,Endothelial,Endothelial - Malignant - Plasma
247,254,273,CAF,Pericyte,CAF,CAF - CAF - Pericyte
41,282,328,Natural killer,Plasma,CAF,CAF - Natural killer - Plasma
12,166,176,Plasma,CAF,Macrophage,CAF - Macrophage - Plasma
157,165,175,Malignant,Macrophage,Malignant,Macrophage - Malignant - Malignant
46,58,335,Plasma,Malignant,Macrophage,Macrophage - Malignant - Plasma
46,285,288,Plasma,Malignant,Malignant,Malignant - Malignant - Plasma
249,263,270,CAF,Macrophage,Plasma,CAF - Macrophage - Plasma
408,412,426,CAF,CAF,CAF,CAF - CAF - CAF
27,155,163,Macrophage,Macrophage,Malignant,Macrophage - Macrophage - Malignant
67,370,385,Treg,Endothelial,Endothelial,Endothelial - Endothelial - Treg
142,143,145,CAF,CAF,CAF,CAF - CAF - CAF
66,382,409,Macrophage,CAF,Macrophage,CAF - Macrophage - Macrophage
42,47,324,Malignant,Macrophage,Malignant,Macrophage - Malignant - Malignant
99,102,475,Malignant,Malignant,Malignant,Malignant - Malignant - Malignant
548,565,574,CAF,Malignant,CAF,CAF - CAF - Malignant
445,466,477,Malignant,CAF,CAF,CAF - CAF - Malignant
214,218,243,Plasma,Macrophage,CAF,CAF - Macrophage - Plasma
39,279,284,Plasma,Malignant,Macrophage,Macrophage - Malignant - Plasma
92,93,461,Malignant,Malignant,Malignant,Malignant - Malignant - Malignant
102,475,479,Malignant,Malignant,Malignant,Malignant - Malignant - Malignant
122,125,510,Plasma,Plasma,Endothelial,Endothelial - Plasma - Plasma
1,149,162,Malignant,Mast,Plasma,Malignant - Mast - Plasma
100,447,468,Malignant,CAF,Natural killer,CAF - Malignant - Natural killer
54,58,357,Macrophage,Malignant,Macrophage,Macrophage - Macrophage - Malignant
123,517,519,Malignant,Malignant,Malignant,Malignant - Malignant - Malignant
457,472,484,CAF,CAF,CAF,CAF - CAF - CAF
73,376,388,CAF,Macrophage,Macrophage,CAF - Macrophage - Macrophage
552,560,567,Plasma,Endothelial,CAF,CAF - Endothelial - Plasma
250,257,274,CAF,Schwann/nerve,CAF,CAF - CAF - Schwann/nerve
57,58,335,Malignant,Malignant,Macrophage,Macrophage - Malignant - Malignant
71,371,379,Plasma,Malignant,CAF,CAF - Malignant - Plasma
131,525,551,Mast,CAF,Mast,CAF - Mast - Mast
129,132,537,Malignant,Malignant,Plasma,Malignant - Malignant - Plasma
481,486,562,CAF,CAF,CAF,CAF - CAF - CAF
18,184,189,Malignant,CAF,CAF,CAF - CAF - Malignant
118,494,509,Malignant,CAF,Malignant,CAF - Malignant - Malignant
108,116,489,Malignant,Malignant,Macrophage,Macrophage - Malignant - Malignant
455,481,486,CAF,CAF,CAF,CAF - CAF - CAF
62,324,355,Plasma,Malignant,Plasma,Malignant - Plasma - Plasma
363,373,377,CAF,CAF,CAF,CAF - CAF - CAF
0,13,145,Malignant,Plasma,CAF,CAF - Malignant - Plasma
37,289,343,CAF,Smooth muscle,CAF,CAF - CAF - Smooth muscle
62,324,364,Plasma,Malignant,Mast,Malignant - Mast - Plasma
82,84,421,Malignant,Smooth muscle,CAF,CAF - Malignant - Smooth muscle
30,235,249,Malignant,CAF,CAF,CAF - CAF - Malignant
52,55,56,Plasma,Plasma,Plasma,Plasma - Plasma - Plasma
304,326,341,CAF,Smooth muscle,Pericyte,CAF - Pericyte - Smooth muscle
96,436,437,CAF,CAF,CAF,CAF - CAF - CAF
29,228,248,Macrophage,Macrophage,CAF,CAF - Macrophage - Macrophage
97,99,448,Malignant,Malignant,Malignant,Malignant - Malignant - Malignant
367,370,380,CAF,Endothelial,CAF,CAF - CAF - Endothelial
295,299,323,CAF,CAF,Dendritic (activated),CAF - CAF - Dendritic (activated)
220,231,237,Smooth muscle,Mast,Mast,Mast - Mast - Smooth muscle
413,417,419,Malignant,Macrophage,Macrophage,Macrophage - Macrophage - Malignant
55,61,352,Plasma,CAF,Endothelial,CAF - Endothelial - Plasma
69,357,362,Macrophage,Macrophage,CAF,CAF - Macrophage - Macrophage
98,458,462,Malignant,Malignant,Malignant,Malignant - Malignant - Malignant
89,440,444,Malignant,CAF,Malignant,CAF - Malignant - Malignant
131,551,563,Mast,Mast,CAF,CAF - Mast - Mast
291,294,312,CAF,CAF,Smooth muscle,CAF - CAF - Smooth muscle
375,382,395,CAF,CAF,CAF,CAF - CAF - CAF
17,199,239,Plasma,Mast,CAF,CAF - Mast - Plasma
17,210,239,Plasma,Endothelial,CAF,CAF - Endothelial - Plasma
431,443,490,CAF,Mast,CAF,CAF - CAF - Mast
92,461,465,Malignant,Malignant,Malignant,Malignant - Malignant - Malignant
59,61,365,Dendritic (activated),CAF,CAF,CAF - CAF - Dendritic (activated)
125,126,506,Plasma,Plasma,Plasma,Plasma - Plasma - Plasma
99,102,479,Malignant,Malignant,Malignant,Malignant - Malignant - Malignant
99,448,460,Malignant,Malignant,Pericyte,Malignant - Malignant - Pericyte
540,556,568,CAF,Pericyte,CAF,CAF - CAF - Pericyte
204,224,225,CAF,CAF,CAF,CAF - CAF - CAF
494,529,553,CAF,CAF,CAF,CAF - CAF - CAF
199,201,216,Mast,CAF,CAF,CAF - CAF - Mast
299,304,323,CAF,CAF,Dendritic (activated),CAF - CAF - Dendritic (activated)
507,520,531,Endothelial,CAF,CAF,CAF - CAF - Endothelial
443,450,472,Mast,Plasma,CAF,CAF - Mast - Plasma
402,416,424,CAF,Malignant,Macrophage,CAF - Macrophage - Malignant
189,207,211,CAF,Malignant,CAF,CAF - CAF - Malignant
82,88,423,Malignant,Malignant,Malignant,Malignant - Malignant - Malignant
467,469,489,CAF,CAF,Macrophage,CAF - CAF - Macrophage
115,470,496,CAF,CAF,CAF,CAF - CAF - CAF
248,257,258,CAF,Schwann/nerve,Macrophage,CAF - Macrophage - Schwann/nerve
357,358,362,Macrophage,Macrophage,CAF,CAF - Macrophage - Macrophage
269,272,281,Malignant,Macrophage,Mast,Macrophage - Malignant - Mast
109,124,518,Plasma,Macrophage,CAF,CAF - Macrophage - Plasma
84,421,438,Smooth muscle,CAF,CAF,CAF - CAF - Smooth muscle
34,259,266,Dendritic (conventional),CAF,CAF,CAF - CAF - Dendritic (conventional)
232,248,258,CAF,CAF,Macrophage,CAF - CAF - Macrophage
2,6,147,Macrophage,CAF,Macrophage,CAF - Macrophage - Macrophage
236,253,278,Macrophage,CAF,Pericyte,CAF - Macrophage - Pericyte
93,458,462,Malignant,Malignant,Malignant,Malignant - Malignant - Malignant
498,507,508,Macrophage,Endothelial,Malignant,Endothelial - Macrophage - Malignant
12,162,178,Plasma,Plasma,CAF,CAF - Plasma - Plasma
262,263,276,CAF,Macrophage,CAF,CAF - CAF - Macrophage
6,157,165,CAF,Malignant,Macrophage,CAF - Macrophage - Malignant
26,210,246,Dendritic (activated),Endothelial,Smooth muscle,Dendritic (activated) - Endothelial - Smooth muscle
323,334,345,Dendritic (activated),Neutrophil,CAF,CAF - Dendritic (activated) - Neutrophil
349,350,368,CAF,Plasma,Plasma,CAF - Plasma - Plasma
230,255,260,CAF,Malignant,CAF,CAF - CAF - Malignant
54,315,358,Macrophage,Macrophage,Macrophage,Macrophage - Macrophage - Macrophage
3,5,7,Macrophage,Pericyte,Pericyte,Macrophage - Pericyte - Pericyte
224,225,237,CAF,CAF,Mast,CAF - CAF - Mast
221,230,236,CAF,CAF,Macrophage,CAF - CAF - Macrophage
307,351,356,Smooth muscle,CAF,Plasma,CAF - Plasma - Smooth muscle
499,502,530,Endothelial,CAF,CAF,CAF - CAF - Endothelial
56,324,355,Plasma,Malignant,Plasma,Malignant - Plasma - Plasma
86,452,459,Malignant,Macrophage,Macrophage,Macrophage - Macrophage - Malignant
326,331,339,Smooth muscle,Macrophage,Plasma,Macrophage - Plasma - Smooth muscle
0,141,145,Malignant,CAF,CAF,CAF - CAF - Malignant
280,291,292,Malignant,CAF,Malignant,CAF - Malignant - Malignant
296,307,318,CAF,Smooth muscle,Mast,CAF - Mast - Smooth muscle
140,571,583,Malignant,Malignant,Malignant,Malignant - Malignant - Malignant
48,52,324,Macrophage,Plasma,Malignant,Macrophage - Malignant - Plasma
70,346,372,CAF,CAF,CAF,CAF - CAF - CAF
238,256,265,CAF,CAF,CAF,CAF - CAF - CAF
363,365,373,CAF,CAF,CAF,CAF - CAF - CAF
484,499,502,CAF,Endothelial,CAF,CAF - CAF - Endothelial
193,195,206,Schwann/nerve,Plasma,CAF,CAF - Plasma - Schwann/nerve
568,577,578,CAF,CAF,CD8+ T,CAF - CAF - CD8+ T
8,153,169,Mast,CAF,Plasma,CAF - Mast - Plasma
288,313,315,Malignant,CAF,Macrophage,CAF - Macrophage - Malignant
50,60,348,Malignant,Macrophage,CAF,CAF - Macrophage - Malignant
2,142,147,Macrophage,CAF,Macrophage,CAF - Macrophage - Macrophage
130,536,538,Malignant,Dendritic (activated),Malignant,Dendritic (activated) - Malignant - Malignant
133,532,537,Malignant,CAF,Plasma,CAF - Malignant - Plasma
345,363,369,CAF,CAF,Mast,CAF - CAF - Mast
137,529,553,Malignant,CAF,CAF,CAF - CAF - Malignant
131,553,576,Mast,CAF,CAF,CAF - CAF - Mast
79,424,440,Macrophage,Macrophage,CAF,CAF - Macrophage - Macrophage
382,391,409,CAF,CAF,Macrophage,CAF - CAF - Macrophage
420,422,439,Smooth muscle,CAF,CAF,CAF - CAF - Smooth muscle
216,240,250,CAF,CAF,CAF,CAF - CAF - CAF
431,454,490,CAF,CAF,CAF,CAF - CAF - CAF
60,350,368,Macrophage,Plasma,Plasma,Macrophage - Plasma - Plasma
27,246,267,Macrophage,Smooth muscle,CAF,CAF - Macrophage - Smooth muscle
46,54,58,Plasma,Macrophage,Malignant,Macrophage - Malignant - Plasma
178,191,202,CAF,Plasma,CAF,CAF - CAF - Plasma
231,247,264,Mast,CAF,CAF,CAF - CAF - Mast
83,88,423,Malignant,Malignant,Malignant,Malignant - Malignant - Malignant
179,182,196,CAF,CAF,Endothelial,CAF - CAF - Endothelial
153,158,169,CAF,CAF,Plasma,CAF - CAF - Plasma
131,525,541,Mast,CAF,CAF,CAF - CAF - Mast
39,40,284,Plasma,Plasma,Macrophage,Macrophage - Plasma - Plasma
164,170,177,Pericyte,Schwann/nerve,Schwann/nerve,Pericyte - Schwann/nerve - Schwann/nerve
427,442,449,Pericyte,Plasma,Malignant,Malignant - Pericyte - Plasma
8,145,179,Mast,CAF,CAF,CAF - CAF - Mast
171,174,184,Malignant,CAF,CAF,CAF - CAF - Malignant
441,463,483,Malignant,Malignant,Macrophage,Macrophage - Malignant - Malignant
445,469,477,Malignant,CAF,CAF,CAF - CAF - Malignant
101,111,479,Malignant,Endothelial,Malignant,Endothelial - Malignant - Malignant
245,261,277,Plasma,CAF,CAF,CAF - CAF - Plasma
37,50,51,CAF,Malignant,Macrophage,CAF - Macrophage - Malignant
203,204,224,CAF,CAF,CAF,CAF - CAF - CAF
295,310,323,CAF,Pericyte,Dendritic (activated),CAF - Dendritic (activated) - Pericyte
514,516,543,CAF,CAF,CAF,CAF - CAF - CAF
384,387,422,Natural killer,Smooth muscle,CAF,CAF - Natural killer - Smooth muscle
129,542,547,Malignant,Plasma,Malignant,Malignant - Malignant - Plasma
96,103,465,CAF,Malignant,Malignant,CAF - Malignant - Malignant
1,8,145,Malignant,Mast,CAF,CAF - Malignant - Mast
21,191,194,Plasma,Plasma,Plasma,Plasma - Plasma - Plasma
31,35,271,Malignant,Malignant,CAF,CAF - Malignant - Malignant
34,35,251,Dendritic (conventional),Malignant,Malignant,Dendritic (conventional) - Malignant - Malignant
38,300,301,CAF,Malignant,CAF,CAF - CAF - Malignant
115,496,503,CAF,CAF,CAF,CAF - CAF - CAF
60,368,376,Macrophage,Plasma,Macrophage,Macrophage - Macrophage - Plasma
85,452,467,Natural killer,Macrophage,CAF,CAF - Macrophage - Natural killer
164,166,170,Pericyte,CAF,Schwann/nerve,CAF - Pericyte - Schwann/nerve
96,103,483,CAF,Malignant,Macrophage,CAF - Macrophage - Malignant
213,221,230,CAF,CAF,CAF,CAF - CAF - CAF
494,509,529,CAF,Malignant,CAF,CAF - CAF - Malignant
73,349,393,CAF,CAF,Macrophage,CAF - CAF - Macrophage
507,508,520,Endothelial,Malignant,CAF,CAF - Endothelial - Malignant
45,291,312,Malignant,CAF,Smooth muscle,CAF - Malignant - Smooth muscle
37,50,343,CAF,Malignant,CAF,CAF - CAF - Malignant
91,426,427,Malignant,CAF,Pericyte,CAF - Malignant - Pericyte
551,554,558,Mast,Malignant,Malignant,Malignant - Malignant - Mast
569,581,583,Malignant,Dendritic (activated),Malignant,Dendritic (activated) - Malignant - Malignant
483,495,504,Macrophage,CAF,CAF,CAF - CAF - Macrophage
42,47,309,Malignant,Macrophage,Pericyte,Macrophage - Malignant - Pericyte
69,74,378,Macrophage,Malignant,Malignant,Macrophage - Malignant - Malignant
313,325,329,CAF,Macrophage,Pericyte,CAF - Macrophage - Pericyte
106,107,113,Malignant,Malignant,Macrophage,Macrophage - Malignant - Malignant
497,498,508,CAF,Macrophage,Malignant,CAF - Macrophage - Malignant
563,576,582,CAF,CAF,CAF,CAF - CAF - CAF
226,234,241,Endothelial,Dendritic (conventional),Endothelial,Dendritic (conventional) - Endothelial - Endothelial
130,528,538,Malignant,CAF,Malignant,CAF - Malignant - Malignant
97,101,102,Malignant,Malignant,Malignant,Malignant - Malignant - Malignant
330,393,413,CAF,Macrophage,Malignant,CAF - Macrophage - Malignant
214,240,243,Plasma,CAF,CAF,CAF - CAF - Plasma
60,79,376,Macrophage,Macrophage,Macrophage,Macrophage - Macrophage - Macrophage
22,193,206,Plasma,Schwann/nerve,CAF,CAF - Plasma - Schwann/nerve
100,447,462,Malignant,CAF,Malignant,CAF - Malignant - Malignant
209,220,222,CAF,Smooth muscle,CAF,CAF - CAF - Smooth muscle
81,454,455,CAF,CAF,CAF,CAF - CAF - CAF
26,27,246,Dendritic (activated),Macrophage,Smooth muscle,Dendritic (activated) - Macrophage - Smooth muscle
53,330,340,Mast,CAF,CAF,CAF - CAF - Mast
235,252,270,CAF,Endothelial,Plasma,CAF - Endothelial - Plasma
112,113,123,Malignant,Macrophage,Malignant,Macrophage - Malignant - Malignant
209,220,231,CAF,Smooth muscle,Mast,CAF - Mast - Smooth muscle
263,276,299,Macrophage,CAF,CAF,CAF - CAF - Macrophage
20,21,206,CAF,Plasma,CAF,CAF - CAF - Plasma
110,511,539,Malignant,Malignant,CAF,CAF - Malignant - Malignant
472,484,490,CAF,CAF,CAF,CAF - CAF - CAF
323,345,354,Dendritic (activated),CAF,CAF,CAF - CAF - Dendritic (activated)
89,424,440,Malignant,Macrophage,CAF,CAF - Macrophage - Malignant
32,240,250,CAF,CAF,CAF,CAF - CAF - CAF
252,270,286,Endothelial,Plasma,Plasma,Endothelial - Plasma - Plasma
111,114,119,Endothelial,Plasma,Plasma,Endothelial - Plasma - Plasma
217,241,252,Plasma,Endothelial,Endothelial,Endothelial - Endothelial - Plasma
373,377,398,CAF,CAF,CAF,CAF - CAF - CAF
141,142,145,CAF,CAF,CAF,CAF - CAF - CAF
164,173,177,Pericyte,CAF,Schwann/nerve,CAF - Pericyte - Schwann/nerve
273,293,313,CAF,CAF,CAF,CAF - CAF - CAF
404,407,434,Mast,Plasma,Pericyte,Mast - Pericyte - Plasma
409,431,454,Macrophage,CAF,CAF,CAF - CAF - Macrophage
469,477,489,CAF,CAF,Macrophage,CAF - CAF - Macrophage
486,492,500,CAF,Plasma,Malignant,CAF - Malignant - Plasma
52,56,324,Plasma,Plasma,Malignant,Malignant - Plasma - Plasma
43,306,321,Macrophage,Schwann/nerve,CAF,CAF - Macrophage - Schwann/nerve
470,484,496,CAF,CAF,CAF,CAF - CAF - CAF
109,479,494,Plasma,Malignant,CAF,CAF - Malignant - Plasma
435,441,572,Malignant,Malignant,Plasma,Malignant - Malignant - Plasma
264,269,272,CAF,Malignant,Macrophage,CAF - Macrophage - Malignant
121,485,501,Plasma,CAF,Plasma,CAF - Plasma - Plasma
356,360,382,Plasma,CAF,CAF,CAF - CAF - Plasma
566,580,581,CAF,Macrophage,Dendritic (activated),CAF - Dendritic (activated) - Macrophage
151,153,168,CAF,CAF,Pericyte,CAF - CAF - Pericyte
425,451,464,CAF,CAF,Endothelial,CAF - CAF - Endothelial
9,13,182,Macrophage,Plasma,CAF,CAF - Macrophage - Plasma
48,52,314,Macrophage,Plasma,Plasma,Macrophage - Plasma - Plasma
175,184,188,Malignant,CAF,Malignant,CAF - Malignant - Malignant
405,408,412,CAF,CAF,CAF,CAF - CAF - CAF
165,175,185,Macrophage,Malignant,Macrophage,Macrophage - Macrophage - Malignant
330,349,393,CAF,CAF,Macrophage,CAF - CAF - Macrophage
539,549,556,CAF,Endothelial,Pericyte,CAF - Endothelial - Pericyte
103,461,474,Malignant,Malignant,Malignant,Malignant - Malignant - Malignant
15,16,204,Macrophage,Malignant,CAF,CAF - Macrophage - Malignant
126,512,521,Plasma,Macrophage,Pericyte,Macrophage - Pericyte - Plasma
545,560,564,Macrophage,Endothelial,CAF,CAF - Endothelial - Macrophage
322,455,486,Macrophage,CAF,CAF,CAF - CAF - Macrophage
104,105,482,Malignant,Malignant,Malignant,Malignant - Malignant - Malignant
187,196,247,CAF,Endothelial,CAF,CAF - CAF - Endothelial
366,375,400,Endothelial,CAF,Pericyte,CAF - Endothelial - Pericyte
35,279,280,Malignant,Malignant,Malignant,Malignant - Malignant - Malignant
55,56,352,Plasma,Plasma,Endothelial,Endothelial - Plasma - Plasma
101,102,479,Malignant,Malignant,Malignant,Malignant - Malignant - Malignant
454,455,481,CAF,CAF,CAF,CAF - CAF - CAF
37,260,278,CAF,CAF,Pericyte,CAF - CAF - Pericyte
40,43,44,Plasma,Macrophage,Macrophage,Macrophage - Macrophage - Plasma
82,415,421,Malignant,Macrophage,CAF,CAF - Macrophage - Malignant
103,483,516,Malignant,Macrophage,CAF,CAF - Macrophage - Malignant
340,342,349,CAF,CAF,CAF,CAF - CAF - CAF
267,277,298,CAF,CAF,Natural killer,CAF - CAF - Natural killer
179,196,197,CAF,Endothelial,CAF,CAF - CAF - Endothelial
91,94,97,Malignant,Macrophage,Malignant,Macrophage - Malignant - Malignant
452,459,467,Macrophage,Macrophage,CAF,CAF - Macrophage - Macrophage
21,22,226,Plasma,Plasma,Endothelial,Endothelial - Plasma - Plasma
528,530,545,CAF,CAF,Macrophage,CAF - CAF - Macrophage
1,8,153,Malignant,Mast,CAF,CAF - Malignant - Mast
234,241,251,Dendritic (conventional),Endothelial,Malignant,Dendritic (conventional) - Endothelial - Malignant
279,280,290,Malignant,Malignant,Malignant,Malignant - Malignant - Malignant
76,372,399,CAF,CAF,CAF,CAF - CAF - CAF
518,525,541,CAF,CAF,CAF,CAF - CAF - CAF
70,338,344,CAF,Malignant,Plasma,CAF - Malignant - Plasma
87,425,451,Plasma,CAF,CAF,CAF - CAF - Plasma
207,208,212,Malignant,CAF,Malignant,CAF - Malignant - Malignant
271,280,291,CAF,Malignant,CAF,CAF - CAF - Malignant
59,61,336,Dendritic (activated),CAF,Dendritic (activated),CAF - Dendritic (activated) - Dendritic (activated)
0,141,148,Malignant,CAF,CAF,CAF - CAF - Malignant
18,189,207,Malignant,CAF,Malignant,CAF - Malignant - Malignant
80,392,398,Plasma,CAF,CAF,CAF - CAF - Plasma
96,463,483,CAF,Malignant,Macrophage,CAF - Macrophage - Malignant
127,561,573,Malignant,CAF,CAF,CAF - CAF - Malignant
135,569,581,Macrophage,Malignant,Dendritic (activated),Dendritic (activated) - Macrophage - Malignant
183,187,198,Mast,CAF,CAF,CAF - CAF - Mast
559,562,580,CAF,CAF,Macrophage,CAF - CAF - Macrophage
434,450,457,Pericyte,Plasma,CAF,CAF - Pericyte - Plasma
413,419,435,Malignant,Macrophage,Malignant,Macrophage - Malignant - Malignant
185,208,214,Macrophage,CAF,Plasma,CAF - Macrophage - Plasma
32,250,257,CAF,CAF,Schwann/nerve,CAF - CAF - Schwann/nerve
329,338,346,Pericyte,Malignant,CAF,CAF - Malignant - Pericyte
43,286,306,Macrophage,Plasma,Schwann/nerve,Macrophage - Plasma - Schwann/nerve
293,325,331,CAF,Macrophage,Macrophage,CAF - Macrophage - Macrophage
107,112,113,Malignant,Malignant,Macrophage,Macrophage - Malignant - Malignant
481,490,498,CAF,CAF,Macrophage,CAF - CAF - Macrophage
65,365,373,Plasma,CAF,CAF,CAF - CAF - Plasma
100,104,482,Malignant,Malignant,Malignant,Malignant - Malignant - Malignant
360,375,382,CAF,CAF,CAF,CAF - CAF - CAF
10,150,154,Mast,Schwann/nerve,CAF,CAF - Mast - Schwann/nerve
82,415,416,Malignant,Macrophage,Malignant,Macrophage - Malignant - Malignant
86,90,459,Malignant,Malignant,Macrophage,Macrophage - Malignant - Malignant
316,324,337,Malignant,Malignant,Mast,Malignant - Malignant - Mast
530,533,545,CAF,CAF,Macrophage,CAF - CAF - Macrophage
40,43,286,Plasma,Macrophage,Plasma,Macrophage - Plasma - Plasma
397,398,410,CAF,CAF,CAF,CAF - CAF - CAF
433,436,437,CAF,CAF,CAF,CAF - CAF - CAF
521,525,551,Pericyte,CAF,Mast,CAF - Mast - Pericyte
41,282,289,Natural killer,Plasma,Smooth muscle,Natural killer - Plasma - Smooth muscle
68,374,394,CAF,Plasma,CAF,CAF - CAF - Plasma
85,422,439,Natural killer,CAF,CAF,CAF - CAF - Natural killer
135,544,547,Macrophage,Malignant,Malignant,Macrophage - Malignant - Malignant
10,154,160,Mast,CAF,Schwann/nerve,CAF - Mast - Schwann/nerve
283,305,307,CAF,CAF,Smooth muscle,CAF - CAF - Smooth muscle
55,61,327,Plasma,CAF,Plasma,CAF - Plasma - Plasma
45,291,297,Malignant,CAF,Malignant,CAF - Malignant - Malignant
59,333,363,Dendritic (activated),Macrophage,CAF,CAF - Dendritic (activated) - Macrophage
503,513,526,CAF,CAF,Malignant,CAF - CAF - Malignant
4,278,282,CAF,Pericyte,Plasma,CAF - Pericyte - Plasma
127,128,573,Malignant,Macrophage,CAF,CAF - Macrophage - Malignant
354,369,374,CAF,Mast,Plasma,CAF - Mast - Plasma
69,74,381,Macrophage,Malignant,CAF,CAF - Macrophage - Malignant
293,313,325,CAF,CAF,Macrophage,CAF - CAF - Macrophage
53,340,342,Mast,CAF,CAF,CAF - CAF - Mast
433,435,441,CAF,Malignant,Malignant,CAF - Malignant - Malignant
564,566,580,CAF,CAF,Macrophage,CAF - CAF - Macrophage
22,25,226,Plasma,CAF,Endothelial,CAF - Endothelial - Plasma
457,470,484,CAF,CAF,CAF,CAF - CAF - CAF
100,107,110,Malignant,Malignant,Malignant,Malignant - Malignant - Malignant
132,133,134,Malignant,Malignant,Malignant,Malignant - Malignant - Malignant
316,332,337,Malignant,CAF,Mast,CAF - Malignant - Mast
438,447,468,CAF,CAF,Natural killer,CAF - CAF - Natural killer
476,485,488,Endothelial,CAF,Pericyte,CAF - Endothelial - Pericyte
397,405,408,CAF,CAF,CAF,CAF - CAF - CAF
63,81,317,CAF,CAF,CAF,CAF - CAF - CAF
94,449,453,Macrophage,Malignant,Smooth muscle,Macrophage - Malignant - Smooth muscle
63,322,389,CAF,Macrophage,Dendritic (plasmacytoid),CAF - Dendritic (plasmacytoid) - Macrophage
485,487,501,CAF,Endothelial,Plasma,CAF - Endothelial - Plasma
46,54,303,Plasma,Macrophage,Endothelial,Endothelial - Macrophage - Plasma
196,231,247,Endothelial,Mast,CAF,CAF - Endothelial - Mast
476,478,485,Endothelial,Macrophage,CAF,CAF - Endothelial - Macrophage
283,301,305,CAF,CAF,CAF,CAF - CAF - CAF
499,528,530,Endothelial,CAF,CAF,CAF - CAF - Endothelial
83,416,424,Malignant,Malignant,Macrophage,Macrophage - Malignant - Malignant
3,7,144,Macrophage,Pericyte,Plasma,Macrophage - Pericyte - Plasma
532,551,554,CAF,Mast,Malignant,CAF - Malignant - Mast
2,11,155,Macrophage,Macrophage,Macrophage,Macrophage - Macrophage - Macrophage
433,436,441,CAF,CAF,Malignant,CAF - CAF - Malignant
9,182,187,Macrophage,CAF,CAF,CAF - CAF - Macrophage
24,28,238,Macrophage,Malignant,CAF,CAF - Macrophage - Malignant
551,558,563,Mast,Malignant,CAF,CAF - Malignant - Mast
174,189,200,CAF,CAF,Macrophage,CAF - CAF - Macrophage
84,88,447,Smooth muscle,Malignant,CAF,CAF - Malignant - Smooth muscle
72,399,420,CAF,CAF,Smooth muscle,CAF - CAF - Smooth muscle
208,227,228,CAF,CAF,Macrophage,CAF - CAF - Macrophage
318,319,332,Mast,CAF,CAF,CAF - CAF - Mast
412,426,460,CAF,CAF,Pericyte,CAF - CAF - Pericyte
11,155,163,Macrophage,Macrophage,Malignant,Macrophage - Macrophage - Malignant
130,567,581,Malignant,CAF,Dendritic (activated),CAF - Dendritic (activated) - Malignant
35,271,280,Malignant,CAF,Malignant,CAF - Malignant - Malignant
324,337,364,Malignant,Mast,Mast,Malignant - Mast - Mast
290,292,297,Malignant,Malignant,Malignant,Malignant - Malignant - Malignant
456,457,470,Smooth muscle,CAF,CAF,CAF - CAF - Smooth muscle
170,181,194,Schwann/nerve,CAF,Plasma,CAF - Plasma - Schwann/nerve
116,118,505,Malignant,Malignant,Malignant,Malignant - Malignant - Malignant
121,122,510,Plasma,Plasma,Endothelial,Endothelial - Plasma - Plasma
128,548,565,Macrophage,CAF,Malignant,CAF - Macrophage - Malignant
172,186,221,CAF,Mast,CAF,CAF - CAF - Mast
273,288,313,CAF,Malignant,CAF,CAF - CAF - Malignant
421,429,438,CAF,CAF,CAF,CAF - CAF - CAF
466,468,477,CAF,Natural killer,CAF,CAF - CAF - Natural killer
555,564,580,Endothelial,CAF,Macrophage,CAF - Endothelial - Macrophage
7,156,159,Pericyte,Malignant,Smooth muscle,Malignant - Pericyte - Smooth muscle
481,492,562,CAF,Plasma,CAF,CAF - CAF - Plasma
14,16,202,Plasma,Malignant,CAF,CAF - Malignant - Plasma
127,549,561,Malignant,Endothelial,CAF,CAF - Endothelial - Malignant
36,273,285,Malignant,CAF,Malignant,CAF - Malignant - Malignant
8,15,179,Mast,Macrophage,CAF,CAF - Macrophage - Mast
129,537,542,Malignant,Plasma,Plasma,Malignant - Plasma - Plasma
201,214,216,CAF,Plasma,CAF,CAF - CAF - Plasma
133,138,558,Malignant,Malignant,Malignant,Malignant - Malignant - Malignant
380,396,407,CAF,CAF,Plasma,CAF - CAF - Plasma
6,165,201,CAF,Macrophage,CAF,CAF - CAF - Macrophage
74,403,415,Malignant,Macrophage,Macrophage,Macrophage - Macrophage - Malignant
83,89,424,Malignant,Malignant,Macrophage,Macrophage - Malignant - Malignant
85,428,467,Natural killer,Macrophage,CAF,CAF - Macrophage - Natural killer
322,486,562,Macrophage,CAF,CAF,CAF - CAF - Macrophage
31,242,271,Malignant,CAF,CAF,CAF - CAF - Malignant
258,274,283,Macrophage,CAF,CAF,CAF - CAF - Macrophage
50,57,348,Malignant,Malignant,CAF,CAF - Malignant - Malignant
154,159,166,CAF,Smooth muscle,CAF,CAF - CAF - Smooth muscle
307,318,351,Smooth muscle,Mast,CAF,CAF - Mast - Smooth muscle
10,150,162,Mast,Schwann/nerve,Plasma,Mast - Plasma - Schwann/nerve
230,253,260,CAF,CAF,CAF,CAF - CAF - CAF
37,278,289,CAF,Pericyte,Smooth muscle,CAF - Pericyte - Smooth muscle
15,179,197,Macrophage,CAF,CAF,CAF - CAF - Macrophage
81,389,418,CAF,Dendritic (plasmacytoid),CAF,CAF - CAF - Dendritic (plasmacytoid)
346,359,372,CAF,CAF,CAF,CAF - CAF - CAF
19,192,193,Plasma,Plasma,Schwann/nerve,Plasma - Plasma - Schwann/nerve
408,410,426,CAF,CAF,CAF,CAF - CAF - CAF
15,168,169,Macrophage,Pericyte,Plasma,Macrophage - Pericyte - Plasma
570,573,579,CAF,CAF,CAF,CAF - CAF - CAF
68,377,386,CAF,CAF,CAF,CAF - CAF - CAF
80,398,427,Plasma,CAF,Pericyte,CAF - Pericyte - Plasma
134,140,575,Malignant,Malignant,Malignant,Malignant - Malignant - Malignant
73,349,368,CAF,CAF,Plasma,CAF - CAF - Plasma
5,152,173,Pericyte,Macrophage,CAF,CAF - Macrophage - Pericyte
64,364,371,Malignant,Mast,Malignant,Malignant - Malignant - Mast
100,107,482,Malignant,Malignant,Malignant,Malignant - Malignant - Malignant
187,247,255,CAF,CAF,Malignant,CAF - CAF - Malignant
268,276,281,CAF,CAF,Mast,CAF - CAF - Mast
180,190,192,Schwann/nerve,Plasma,Plasma,Plasma - Plasma - Schwann/nerve
272,281,293,Macrophage,Mast,CAF,CAF - Macrophage - Mast
202,225,233,CAF,CAF,Dendritic (activated),CAF - CAF - Dendritic (activated)
287,291,294,CAF,CAF,CAF,CAF - CAF - CAF
147,161,174,Macrophage,Pericyte,CAF,CAF - Macrophage - Pericyte
247,264,273,CAF,CAF,CAF,CAF - CAF - CAF
231,264,269,Mast,CAF,Malignant,CAF - Malignant - Mast
341,344,384,Pericyte,Plasma,Natural killer,Natural killer - Pericyte - Plasma
450,457,472,Plasma,CAF,CAF,CAF - CAF - Plasma
49,55,320,CAF,Plasma,Plasma,CAF - Plasma - Plasma
561,570,579,CAF,CAF,CAF,CAF - CAF - CAF
61,65,370,CAF,Plasma,Endothelial,CAF - Endothelial - Plasma
84,438,447,Smooth muscle,CAF,CAF,CAF - CAF - Smooth muscle
261,277,317,CAF,CAF,CAF,CAF - CAF - CAF
95,453,464,Malignant,Smooth muscle,Endothelial,Endothelial - Malignant - Smooth muscle
10,12,160,Mast,Plasma,Schwann/nerve,Mast - Plasma - Schwann/nerve
187,198,255,CAF,CAF,Malignant,CAF - CAF - Malignant
112,123,511,Malignant,Malignant,Malignant,Malignant - Malignant - Malignant
52,314,320,Plasma,Plasma,Plasma,Plasma - Plasma - Plasma
30,233,249,Malignant,Dendritic (activated),CAF,CAF - Dendritic (activated) - Malignant
47,48,324,Macrophage,Macrophage,Malignant,Macrophage - Macrophage - Malignant
105,106,493,Malignant,Malignant,Malignant,Malignant - Malignant - Malignant
121,501,537,Plasma,Plasma,Plasma,Plasma - Plasma - Plasma
173,192,200,CAF,Plasma,Macrophage,CAF - Macrophage - Plasma
511,519,539,Malignant,Malignant,CAF,CAF - Malignant - Malignant
95,101,488,Malignant,Malignant,Pericyte,Malignant - Malignant - Pericyte
56,352,355,Plasma,Endothelial,Plasma,Endothelial - Plasma - Plasma
229,238,244,Plasma,CAF,CAF,CAF - CAF - Plasma
387,420,422,Smooth muscle,Smooth muscle,CAF,CAF - Smooth muscle - Smooth muscle
83,416,423,Malignant,Malignant,Malignant,Malignant - Malignant - Malignant
546,550,574,CAF,CAF,CAF,CAF - CAF - CAF
244,256,258,CAF,CAF,Macrophage,CAF - CAF - Macrophage
43,49,320,Macrophage,CAF,Plasma,CAF - Macrophage - Plasma
315,329,346,Macrophage,Pericyte,CAF,CAF - Macrophage - Pericyte
37,51,260,CAF,Macrophage,CAF,CAF - CAF - Macrophage
18,185,208,Malignant,Macrophage,CAF,CAF - Macrophage - Malignant
34,35,279,Dendritic (conventional),Malignant,Malignant,Dendritic (conventional) - Malignant - Malignant
39,44,309,Plasma,Macrophage,Pericyte,Macrophage - Pericyte - Plasma
68,369,377,CAF,Mast,CAF,CAF - CAF - Mast
41,53,289,Natural killer,Mast,Smooth muscle,Mast - Natural killer - Smooth muscle
46,51,260,Plasma,Macrophage,CAF,CAF - Macrophage - Plasma
513,522,542,CAF,CAF,Plasma,CAF - CAF - Plasma
77,425,430,Pericyte,CAF,CAF,CAF - CAF - Pericyte
130,545,552,Malignant,Macrophage,Plasma,Macrophage - Malignant - Plasma
149,150,162,Mast,Schwann/nerve,Plasma,Mast - Plasma - Schwann/nerve
57,347,348,Malignant,Malignant,CAF,CAF - Malignant - Malignant
272,273,293,Macrophage,CAF,CAF,CAF - CAF - Macrophage
494,518,553,CAF,CAF,CAF,CAF - CAF - CAF
288,303,315,Malignant,Endothelial,Macrophage,Endothelial - Macrophage - Malignant
207,211,212,Malignant,CAF,Malignant,CAF - Malignant - Malignant
8,15,169,Mast,Macrophage,Plasma,Macrophage - Mast - Plasma
48,309,314,Macrophage,Pericyte,Plasma,Macrophage - Pericyte - Plasma
97,99,102,Malignant,Malignant,Malignant,Malignant - Malignant - Malignant
4,221,236,CAF,CAF,Macrophage,CAF - CAF - Macrophage
262,268,269,CAF,CAF,Malignant,CAF - CAF - Malignant
443,472,490,Mast,CAF,CAF,CAF - CAF - Mast
82,416,423,Malignant,Malignant,Malignant,Malignant - Malignant - Malignant
190,193,195,Plasma,Schwann/nerve,Plasma,Plasma - Plasma - Schwann/nerve
24,211,223,Macrophage,CAF,Malignant,CAF - Macrophage - Malignant
116,489,505,Malignant,Macrophage,Malignant,Macrophage - Malignant - Malignant
223,229,238,Malignant,Plasma,CAF,CAF - Malignant - Plasma
282,328,330,Plasma,CAF,CAF,CAF - CAF - Plasma
34,279,284,Dendritic (conventional),Malignant,Macrophage,Dendritic (conventional) - Macrophage - Malignant
411,443,450,CAF,Mast,Plasma,CAF - Mast - Plasma
540,568,578,CAF,CAF,CD8+ T,CAF - CAF - CD8+ T
93,447,462,Malignant,CAF,Malignant,CAF - Malignant - Malignant
321,327,336,CAF,Plasma,Dendritic (activated),CAF - Dendritic (activated) - Plasma
105,493,516,Malignant,Malignant,CAF,CAF - Malignant - Malignant
152,161,173,Macrophage,Pericyte,CAF,CAF - Macrophage - Pericyte
458,461,474,Malignant,Malignant,Malignant,Malignant - Malignant - Malignant
182,187,196,CAF,CAF,Endothelial,CAF - CAF - Endothelial
496,499,503,CAF,Endothelial,CAF,CAF - CAF - Endothelial
341,354,374,Pericyte,CAF,Plasma,CAF - Pericyte - Plasma
73,388,393,CAF,Macrophage,Macrophage,CAF - Macrophage - Macrophage
512,518,525,Macrophage,CAF,CAF,CAF - CAF - Macrophage
167,171,175,Malignant,Malignant,Malignant,Malignant - Malignant - Malignant
225,233,237,CAF,Dendritic (activated),Mast,CAF - Dendritic (activated) - Mast
330,340,349,CAF,CAF,CAF,CAF - CAF - CAF
484,497,502,CAF,CAF,CAF,CAF - CAF - CAF
147,157,167,Macrophage,Malignant,Malignant,Macrophage - Malignant - Malignant
241,252,259,Endothelial,Endothelial,CAF,CAF - Endothelial - Endothelial
386,394,405,CAF,CAF,CAF,CAF - CAF - CAF
430,453,464,CAF,Smooth muscle,Endothelial,CAF - Endothelial - Smooth muscle
21,191,217,Plasma,Plasma,Plasma,Plasma - Plasma - Plasma
566,567,581,CAF,CAF,Dendritic (activated),CAF - CAF - Dendritic (activated)
15,197,204,Macrophage,CAF,CAF,CAF - CAF - Macrophage
127,128,517,Malignant,Macrophage,Malignant,Macrophage - Malignant - Malignant
306,310,321,Schwann/nerve,Pericyte,CAF,CAF - Pericyte - Schwann/nerve
203,222,224,CAF,CAF,CAF,CAF - CAF - CAF
519,539,549,Malignant,CAF,Endothelial,CAF - Endothelial - Malignant
337,361,364,Mast,CAF,Mast,CAF - Mast - Mast
100,110,468,Malignant,Malignant,Natural killer,Malignant - Malignant - Natural killer
63,308,322,CAF,Mast,Macrophage,CAF - Macrophage - Mast
131,541,553,Mast,CAF,CAF,CAF - CAF - Mast
77,406,430,Pericyte,Plasma,CAF,CAF - Pericyte - Plasma
501,537,542,Plasma,Plasma,Plasma,Plasma - Plasma - Plasma
313,315,329,CAF,Macrophage,Pericyte,CAF - Macrophage - Pericyte
82,84,88,Malignant,Smooth muscle,Malignant,Malignant - Malignant - Smooth muscle
134,136,140,Malignant,Malignant,Malignant,Malignant - Malignant - Malignant
118,505,509,Malignant,Malignant,Malignant,Malignant - Malignant - Malignant
542,544,547,Plasma,Malignant,Malignant,Malignant - Malignant - Plasma
351,356,360,CAF,Plasma,CAF,CAF - CAF - Plasma
451,478,480,CAF,Macrophage,CAF,CAF - CAF - Macrophage
574,579,582,CAF,CAF,CAF,CAF - CAF - CAF
85,439,452,Natural killer,CAF,Macrophage,CAF - Macrophage - Natural killer
64,367,380,Malignant,CAF,CAF,CAF - CAF - Malignant
79,417,437,Macrophage,Macrophage,CAF,CAF - Macrophage - Macrophage
30,202,233,Malignant,CAF,Dendritic (activated),CAF - Dendritic (activated) - Malignant
66,356,382,Macrophage,Plasma,CAF,CAF - Macrophage - Plasma
18,184,188,Malignant,CAF,Malignant,CAF - Malignant - Malignant
233,249,263,Dendritic (activated),CAF,Macrophage,CAF - Dendritic (activated) - Macrophage
101,111,488,Malignant,Endothelial,Pericyte,Endothelial - Malignant - Pericyte
113,120,493,Macrophage,Malignant,Malignant,Macrophage - Malignant - Malignant
434,456,457,Pericyte,Smooth muscle,CAF,CAF - Pericyte - Smooth muscle
429,432,446,CAF,CAF,Macrophage,CAF - CAF - Macrophage
136,139,140,Malignant,Malignant,Malignant,Malignant - Malignant - Malignant
29,218,243,Macrophage,Macrophage,CAF,CAF - Macrophage - Macrophage
395,400,411,CAF,Pericyte,CAF,CAF - CAF - Pericyte
531,535,555,CAF,CAF,Endothelial,CAF - CAF - Endothelial
555,559,580,Endothelial,CAF,Macrophage,CAF - Endothelial - Macrophage
561,573,579,CAF,CAF,CAF,CAF - CAF - CAF
375,395,400,CAF,CAF,Pericyte,CAF - CAF - Pericyte
512,521,525,Macrophage,Pericyte,CAF,CAF - Macrophage - Pericyte
88,93,447,Malignant,Malignant,CAF,CAF - Malignant - Malignant
351,360,375,CAF,CAF,CAF,CAF - CAF - CAF
20,190,195,CAF,Plasma,Plasma,CAF - Plasma - Plasma
94,95,453,Macrophage,Malignant,Smooth muscle,Macrophage - Malignant - Smooth muscle
19,22,23,Plasma,Plasma,Macrophage,Macrophage - Plasma - Plasma
189,200,211,CAF,Macrophage,CAF,CAF - CAF - Macrophage
267,308,322,CAF,Mast,Macrophage,CAF - Macrophage - Mast
52,55,320,Plasma,Plasma,Plasma,Plasma - Plasma - Plasma
66,81,317,Macrophage,CAF,CAF,CAF - CAF - Macrophage
96,436,463,CAF,CAF,Malignant,CAF - CAF - Malignant
138,563,582,Malignant,CAF,CAF,CAF - CAF - Malignant
50,60,343,Malignant,Macrophage,CAF,CAF - Macrophage - Malignant
425,430,464,CAF,CAF,Endothelial,CAF - CAF - Endothelial
16,202,204,Malignant,CAF,CAF,CAF - CAF - Malignant
46,51,335,Plasma,Macrophage,Macrophage,Macrophage - Macrophage - Plasma
561,570,573,CAF,CAF,CAF,CAF - CAF - CAF
38,250,274,CAF,CAF,CAF,CAF - CAF - CAF
71,379,396,Plasma,CAF,CAF,CAF - CAF - Plasma
119,124,506,Plasma,Macrophage,Plasma,Macrophage - Plasma - Plasma
75,392,401,Plasma,CAF,CAF,CAF - CAF - Plasma
505,515,539,Malignant,Malignant,CAF,CAF - Malignant - Malignant
25,215,226,CAF,CAF,Endothelial,CAF - CAF - Endothelial
502,508,520,CAF,Malignant,CAF,CAF - CAF - Malignant
451,470,480,CAF,CAF,CAF,CAF - CAF - CAF
93,458,461,Malignant,Malignant,Malignant,Malignant - Malignant - Malignant
4,282,330,CAF,Plasma,CAF,CAF - CAF - Plasma
57,58,347,Malignant,Malignant,Malignant,Malignant - Malignant - Malignant
139,140,571,Malignant,Malignant,Malignant,Malignant - Malignant - Malignant
400,411,450,Pericyte,CAF,Plasma,CAF - Pericyte - Plasma
211,219,223,CAF,Malignant,Malignant,CAF - Malignant - Malignant
125,510,521,Plasma,Endothelial,Pericyte,Endothelial - Pericyte - Plasma
333,334,363,Macrophage,Neutrophil,CAF,CAF - Macrophage - Neutrophil
1,143,145,Malignant,CAF,CAF,CAF - CAF - Malignant
151,162,168,CAF,Plasma,Pericyte,CAF - Pericyte - Plasma
167,171,174,Malignant,Malignant,CAF,CAF - Malignant - Malignant
477,505,539,CAF,Malignant,CAF,CAF - CAF - Malignant
291,292,297,CAF,Malignant,Malignant,CAF - Malignant - Malignant
478,485,487,Macrophage,CAF,Endothelial,CAF - Endothelial - Macrophage
522,526,534,CAF,Malignant,Malignant,CAF - Malignant - Malignant
546,572,574,CAF,Plasma,CAF,CAF - CAF - Plasma
36,260,285,Malignant,CAF,Malignant,CAF - Malignant - Malignant
342,343,350,CAF,CAF,Plasma,CAF - CAF - Plasma
569,571,583,Malignant,Malignant,Malignant,Malignant - Malignant - Malignant
43,321,327,Macrophage,CAF,Plasma,CAF - Macrophage - Plasma
514,543,546,CAF,CAF,CAF,CAF - CAF - CAF
18,207,208,Malignant,Malignant,CAF,CAF - Malignant - Malignant
535,555,564,CAF,Endothelial,CAF,CAF - CAF - Endothelial
270,286,295,Plasma,Plasma,CAF,CAF - Plasma - Plasma
98,458,474,Malignant,Malignant,Malignant,Malignant - Malignant - Malignant
74,390,415,Malignant,CAF,Macrophage,CAF - Macrophage - Malignant
14,16,168,Plasma,Malignant,Pericyte,Malignant - Pericyte - Plasma
109,494,518,Plasma,CAF,CAF,CAF - CAF - Plasma
548,550,574,CAF,CAF,CAF,CAF - CAF - CAF
45,311,312,Malignant,Malignant,Smooth muscle,Malignant - Malignant - Smooth muscle
374,383,394,Plasma,CAF,CAF,CAF - CAF - Plasma
76,399,403,CAF,CAF,Macrophage,CAF - CAF - Macrophage
390,402,416,CAF,CAF,Malignant,CAF - CAF - Malignant
103,105,516,Malignant,Malignant,CAF,CAF - Malignant - Malignant
386,397,405,CAF,CAF,CAF,CAF - CAF - CAF
133,532,554,Malignant,CAF,Malignant,CAF - Malignant - Malignant
246,267,277,Smooth muscle,CAF,CAF,CAF - CAF - Smooth muscle
526,527,534,Malignant,Malignant,Malignant,Malignant - Malignant - Malignant
219,223,229,Malignant,Malignant,Plasma,Malignant - Malignant - Plasma
43,44,320,Macrophage,Macrophage,Plasma,Macrophage - Macrophage - Plasma
53,289,343,Mast,Smooth muscle,CAF,CAF - Mast - Smooth muscle
379,396,404,CAF,CAF,Mast,CAF - CAF - Mast
114,119,122,Plasma,Plasma,Plasma,Plasma - Plasma - Plasma
403,415,421,Macrophage,Macrophage,CAF,CAF - Macrophage - Macrophage
117,485,488,Plasma,CAF,Pericyte,CAF - Pericyte - Plasma
75,373,392,Plasma,CAF,CAF,CAF - CAF - Plasma
77,380,385,Pericyte,CAF,Endothelial,CAF - Endothelial - Pericyte
36,254,255,Malignant,Pericyte,Malignant,Malignant - Malignant - Pericyte
99,460,473,Malignant,Pericyte,Endothelial,Endothelial - Malignant - Pericyte
518,541,553,CAF,CAF,CAF,CAF - CAF - CAF
105,106,482,Malignant,Malignant,Malignant,Malignant - Malignant - Malignant
507,524,531,Endothelial,Malignant,CAF,CAF - Endothelial - Malignant
58,357,378,Malignant,Macrophage,Malignant,Macrophage - Malignant - Malignant
31,234,251,Malignant,Dendritic (conventional),Malignant,Dendritic (conventional) - Malignant - Malignant
383,394,412,CAF,CAF,CAF,CAF - CAF - CAF
4,172,221,CAF,CAF,CAF,CAF - CAF - CAF
40,284,286,Plasma,Macrophage,Plasma,Macrophage - Plasma - Plasma
54,357,358,Macrophage,Macrophage,Macrophage,Macrophage - Macrophage - Macrophage
1,143,149,Malignant,CAF,Mast,CAF - Malignant - Mast
231,262,269,Mast,CAF,Malignant,CAF - Malignant - Mast
171,175,184,Malignant,Malignant,CAF,CAF - Malignant - Malignant
6,199,201,CAF,Mast,CAF,CAF - CAF - Mast
414,428,460,CAF,Macrophage,Pericyte,CAF - Macrophage - Pericyte
62,355,367,Plasma,Plasma,CAF,CAF - Plasma - Plasma
417,433,437,Macrophage,CAF,CAF,CAF - CAF - Macrophage
7,144,146,Pericyte,Plasma,CAF,CAF - Pericyte - Plasma
202,204,225,CAF,CAF,CAF,CAF - CAF - CAF
310,321,333,Pericyte,CAF,Macrophage,CAF - Macrophage - Pericyte
32,248,257,CAF,CAF,Schwann/nerve,CAF - CAF - Schwann/nerve
7,154,159,Pericyte,CAF,Smooth muscle,CAF - Pericyte - Smooth muscle
74,76,381,Malignant,CAF,CAF,CAF - CAF - Malignant
5,7,156,Pericyte,Pericyte,Malignant,Malignant - Pericyte - Pericyte
495,546,572,CAF,CAF,Plasma,CAF - CAF - Plasma
253,260,278,CAF,CAF,Pericyte,CAF - CAF - Pericyte
286,302,306,Plasma,Macrophage,Schwann/nerve,Macrophage - Plasma - Schwann/nerve
425,434,451,CAF,Pericyte,CAF,CAF - CAF - Pericyte
310,333,334,Pericyte,Macrophage,Neutrophil,Macrophage - Neutrophil - Pericyte
173,180,192,CAF,Schwann/nerve,Plasma,CAF - Plasma - Schwann/nerve
98,100,104,Malignant,Malignant,Malignant,Malignant - Malignant - Malignant
109,111,479,Plasma,Endothelial,Malignant,Endothelial - Malignant - Plasma
503,526,527,CAF,Malignant,Malignant,CAF - Malignant - Malignant
208,214,218,CAF,Plasma,Macrophage,CAF - Macrophage - Plasma
60,79,402,Macrophage,Macrophage,CAF,CAF - Macrophage - Macrophage
21,217,241,Plasma,Plasma,Endothelial,Endothelial - Plasma - Plasma
197,205,209,CAF,CAF,CAF,CAF - CAF - CAF
107,110,112,Malignant,Malignant,Malignant,Malignant - Malignant - Malignant
293,304,326,CAF,CAF,Smooth muscle,CAF - CAF - Smooth muscle
411,431,443,CAF,CAF,Mast,CAF - CAF - Mast
60,343,350,Macrophage,CAF,Plasma,CAF - Macrophage - Plasma
534,536,538,Malignant,Dendritic (activated),Malignant,Dendritic (activated) - Malignant - Malignant
556,568,577,Pericyte,CAF,CAF,CAF - CAF - Pericyte
523,543,548,CAF,CAF,CAF,CAF - CAF - CAF
384,422,428,Natural killer,CAF,Macrophage,CAF - Macrophage - Natural killer
76,362,372,CAF,CAF,CAF,CAF - CAF - CAF
432,446,466,CAF,Macrophage,CAF,CAF - CAF - Macrophage
436,441,463,CAF,Malignant,Malignant,CAF - Malignant - Malignant
142,144,147,CAF,Plasma,Macrophage,CAF - Macrophage - Plasma
322,418,455,Macrophage,CAF,CAF,CAF - CAF - Macrophage
76,362,381,CAF,CAF,CAF,CAF - CAF - CAF
129,132,557,Malignant,Malignant,Malignant,Malignant - Malignant - Malignant
120,128,523,Malignant,Macrophage,CAF,CAF - Macrophage - Malignant
79,402,424,Macrophage,CAF,Macrophage,CAF - Macrophage - Macrophage
191,202,217,Plasma,CAF,Plasma,CAF - Plasma - Plasma
134,138,575,Malignant,Malignant,Malignant,Malignant - Malignant - Malignant
227,229,244,CAF,Plasma,CAF,CAF - CAF - Plasma
29,243,248,Macrophage,CAF,CAF,CAF - CAF - Macrophage
326,339,341,Smooth muscle,Plasma,Pericyte,Pericyte - Plasma - Smooth muscle
331,338,339,Macrophage,Malignant,Plasma,Macrophage - Malignant - Plasma
70,72,387,CAF,CAF,Smooth muscle,CAF - CAF - Smooth muscle
232,244,258,CAF,CAF,Macrophage,CAF - CAF - Macrophage
504,514,546,CAF,CAF,CAF,CAF - CAF - CAF
492,500,562,Plasma,Malignant,CAF,CAF - Malignant - Plasma
230,236,253,CAF,Macrophage,CAF,CAF - CAF - Macrophage
8,153,158,Mast,CAF,CAF,CAF - CAF - Mast
576,578,582,CAF,CD8+ T,CAF,CAF - CAF - CD8+ T
87,434,451,Plasma,Pericyte,CAF,CAF - Pericyte - Plasma
132,134,557,Malignant,Malignant,Malignant,Malignant - Malignant - Malignant
460,467,471,Pericyte,CAF,CAF,CAF - CAF - Pericyte
91,426,448,Malignant,CAF,Malignant,CAF - Malignant - Malignant
481,524,559,CAF,Malignant,CAF,CAF - CAF - Malignant
64,71,371,Malignant,Plasma,Malignant,Malignant - Malignant - Plasma
39,279,290,Plasma,Malignant,Malignant,Malignant - Malignant - Plasma
575,582,583,Malignant,CAF,Malignant,CAF - Malignant - Malignant
51,57,335,Macrophage,Malignant,Macrophage,Macrophage - Macrophage - Malignant
115,470,480,CAF,CAF,CAF,CAF - CAF - CAF
383,412,414,CAF,CAF,CAF,CAF - CAF - CAF
318,351,361,Mast,CAF,CAF,CAF - CAF - Mast
502,530,533,CAF,CAF,CAF,CAF - CAF - CAF
363,369,377,CAF,Mast,CAF,CAF - CAF - Mast
499,503,528,Endothelial,CAF,CAF,CAF - CAF - Endothelial
301,305,353,CAF,CAF,CAF,CAF - CAF - CAF
515,539,556,Malignant,CAF,Pericyte,CAF - Malignant - Pericyte
399,420,432,CAF,Smooth muscle,CAF,CAF - CAF - Smooth muscle
481,498,524,CAF,Macrophage,Malignant,CAF - Macrophage - Malignant
115,503,513,CAF,CAF,CAF,CAF - CAF - CAF
165,201,214,Macrophage,CAF,Plasma,CAF - Macrophage - Plasma
98,104,474,Malignant,Malignant,Malignant,Malignant - Malignant - Malignant
140,575,583,Malignant,Malignant,Malignant,Malignant - Malignant - Malignant
522,536,542,CAF,Dendritic (activated),Plasma,CAF - Dendritic (activated) - Plasma
384,414,428,Natural killer,CAF,Macrophage,CAF - Macrophage - Natural killer
31,35,251,Malignant,Malignant,Malignant,Malignant - Malignant - Malignant
74,378,390,Malignant,Malignant,CAF,CAF - Malignant - Malignant
560,566,567,Endothelial,CAF,CAF,CAF - CAF - Endothelial
460,471,473,Pericyte,CAF,Endothelial,CAF - Endothelial - Pericyte
501,513,542,Plasma,CAF,Plasma,CAF - Plasma - Plasma
147,167,174,Macrophage,Malignant,CAF,CAF - Macrophage - Malignant
66,300,317,Macrophage,Malignant,CAF,CAF - Macrophage - Malignant
63,81,389,CAF,CAF,Dendritic (plasmacytoid),CAF - CAF - Dendritic (plasmacytoid)
39,42,309,Plasma,Malignant,Pericyte,Malignant - Pericyte - Plasma
120,516,523,Malignant,CAF,CAF,CAF - CAF - Malignant
321,333,336,CAF,Macrophage,Dendritic (activated),CAF - Dendritic (activated) - Macrophage
161,173,174,Pericyte,CAF,CAF,CAF - CAF - Pericyte
346,358,359,CAF,Macrophage,CAF,CAF - CAF - Macrophage
227,232,244,CAF,CAF,CAF,CAF - CAF - CAF
103,105,474,Malignant,Malignant,Malignant,Malignant - Malignant - Malignant
245,246,277,Plasma,Smooth muscle,CAF,CAF - Plasma - Smooth muscle
38,274,283,CAF,CAF,CAF,CAF - CAF - CAF
347,348,390,Malignant,CAF,CAF,CAF - CAF - Malignant
92,93,444,Malignant,Malignant,Malignant,Malignant - Malignant - Malignant
142,143,146,CAF,CAF,CAF,CAF - CAF - CAF
7,146,154,Pericyte,CAF,CAF,CAF - CAF - Pericyte
478,480,487,Macrophage,CAF,Endothelial,CAF - Endothelial - Macrophage
13,179,182,Plasma,CAF,CAF,CAF - CAF - Plasma
312,318,319,Smooth muscle,Mast,CAF,CAF - Mast - Smooth muscle
205,209,222,CAF,CAF,CAF,CAF - CAF - CAF
130,528,545,Malignant,CAF,Macrophage,CAF - Macrophage - Malignant
404,434,450,Mast,Pericyte,Plasma,Mast - Pericyte - Plasma
66,81,409,Macrophage,CAF,Macrophage,CAF - Macrophage - Macrophage
136,547,557,Malignant,Malignant,Malignant,Malignant - Malignant - Malignant
252,259,266,Endothelial,CAF,CAF,CAF - CAF - Endothelial
318,332,361,Mast,CAF,CAF,CAF - CAF - Mast
420,432,445,Smooth muscle,CAF,Malignant,CAF - Malignant - Smooth muscle
73,368,376,CAF,Plasma,Macrophage,CAF - Macrophage - Plasma
27,155,267,Macrophage,Macrophage,CAF,CAF - Macrophage - Macrophage
383,384,414,CAF,Natural killer,CAF,CAF - CAF - Natural killer
166,170,181,CAF,Schwann/nerve,CAF,CAF - CAF - Schwann/nerve
34,251,259,Dendritic (conventional),Malignant,CAF,CAF - Dendritic (conventional) - Malignant
50,51,57,Malignant,Macrophage,Malignant,Macrophage - Malignant - Malignant
95,476,488,Malignant,Endothelial,Pericyte,Endothelial - Malignant - Pericyte
28,31,234,Malignant,Malignant,Dendritic (conventional),Dendritic (conventional) - Malignant - Malignant
222,224,237,CAF,CAF,Mast,CAF - CAF - Mast
14,178,202,Plasma,CAF,CAF,CAF - CAF - Plasma
127,517,519,Malignant,Malignant,Malignant,Malignant - Malignant - Malignant
322,389,418,Macrophage,Dendritic (plasmacytoid),CAF,CAF - Dendritic (plasmacytoid) - Macrophage
137,540,578,Malignant,CAF,CD8+ T,CAF - CD8+ T - Malignant
497,502,508,CAF,CAF,Malignant,CAF - CAF - Malignant
347,378,390,Malignant,Malignant,CAF,CAF - Malignant - Malignant
549,561,579,Endothelial,CAF,CAF,CAF - CAF - Endothelial
361,366,379,CAF,Endothelial,CAF,CAF - CAF - Endothelial
355,367,370,Plasma,CAF,Endothelial,CAF - Endothelial - Plasma
311,316,324,Malignant,Malignant,Malignant,Malignant - Malignant - Malignant
110,468,477,Malignant,Natural killer,CAF,CAF - Malignant - Natural killer
68,386,394,CAF,CAF,CAF,CAF - CAF - CAF
98,100,462,Malignant,Malignant,Malignant,Malignant - Malignant - Malignant
533,535,545,CAF,CAF,Macrophage,CAF - CAF - Macrophage
80,392,401,Plasma,CAF,CAF,CAF - CAF - Plasma
388,393,417,Macrophage,Macrophage,Macrophage,Macrophage - Macrophage - Macrophage
60,390,402,Macrophage,CAF,CAF,CAF - CAF - Macrophage
373,392,398,CAF,CAF,CAF,CAF - CAF - CAF
33,251,259,Plasma,Malignant,CAF,CAF - Malignant - Plasma
46,260,285,Plasma,CAF,Malignant,CAF - Malignant - Plasma
391,411,431,CAF,CAF,CAF,CAF - CAF - CAF
196,209,231,Endothelial,CAF,Mast,CAF - Endothelial - Mast
258,283,296,Macrophage,CAF,CAF,CAF - CAF - Macrophage
80,406,430,Plasma,Plasma,CAF,CAF - Plasma - Plasma
133,554,558,Malignant,Malignant,Malignant,Malignant - Malignant - Malignant
138,558,563,Malignant,Malignant,CAF,CAF - Malignant - Malignant
32,240,243,CAF,CAF,CAF,CAF - CAF - CAF
77,401,406,Pericyte,CAF,Plasma,CAF - Pericyte - Plasma
277,298,317,CAF,Natural killer,CAF,CAF - CAF - Natural killer
32,243,248,CAF,CAF,CAF,CAF - CAF - CAF
24,223,238,Macrophage,Malignant,CAF,CAF - Macrophage - Malignant
341,383,384,Pericyte,CAF,Natural killer,CAF - Natural killer - Pericyte
398,410,427,CAF,CAF,Pericyte,CAF - CAF - Pericyte
543,548,550,CAF,CAF,CAF,CAF - CAF - CAF
21,22,206,Plasma,Plasma,CAF,CAF - Plasma - Plasma
276,293,304,CAF,CAF,CAF,CAF - CAF - CAF
342,349,350,CAF,CAF,Plasma,CAF - CAF - Plasma
39,42,290,Plasma,Malignant,Malignant,Malignant - Malignant - Plasma
238,244,256,CAF,CAF,CAF,CAF - CAF - CAF
120,128,517,Malignant,Macrophage,Malignant,Macrophage - Malignant - Malignant
165,185,214,Macrophage,Macrophage,Plasma,Macrophage - Macrophage - Plasma
239,250,261,CAF,CAF,CAF,CAF - CAF - CAF
361,364,371,CAF,Mast,Malignant,CAF - Malignant - Mast
520,533,535,CAF,CAF,CAF,CAF - CAF - CAF
247,254,255,CAF,Pericyte,Malignant,CAF - Malignant - Pericyte
509,515,540,Malignant,Malignant,CAF,CAF - Malignant - Malignant
70,72,372,CAF,CAF,CAF,CAF - CAF - CAF
108,118,494,Malignant,Malignant,CAF,CAF - Malignant - Malignant
442,449,453,Plasma,Malignant,Smooth muscle,Malignant - Plasma - Smooth muscle
110,477,539,Malignant,CAF,CAF,CAF - CAF - Malignant
141,148,172,CAF,CAF,CAF,CAF - CAF - CAF
203,205,222,CAF,CAF,CAF,CAF - CAF - CAF
366,379,400,Endothelial,CAF,Pericyte,CAF - Endothelial - Pericyte
441,495,572,Malignant,CAF,Plasma,CAF - Malignant - Plasma
23,24,200,Macrophage,Macrophage,Macrophage,Macrophage - Macrophage - Macrophage
81,409,454,CAF,Macrophage,CAF,CAF - CAF - Macrophage
132,133,537,Malignant,Malignant,Plasma,Malignant - Malignant - Plasma
34,266,275,Dendritic (conventional),CAF,Macrophage,CAF - Dendritic (conventional) - Macrophage
61,65,365,CAF,Plasma,CAF,CAF - CAF - Plasma
216,239,250,CAF,CAF,CAF,CAF - CAF - CAF
157,167,175,Malignant,Malignant,Malignant,Malignant - Malignant - Malignant
556,577,579,Pericyte,CAF,CAF,CAF - CAF - Pericyte
495,504,546,CAF,CAF,CAF,CAF - CAF - CAF
323,341,354,Dendritic (activated),Pericyte,CAF,CAF - Dendritic (activated) - Pericyte
121,510,532,Plasma,Endothelial,CAF,CAF - Endothelial - Plasma
143,146,150,CAF,CAF,Schwann/nerve,CAF - CAF - Schwann/nerve
252,266,286,Endothelial,CAF,Plasma,CAF - Endothelial - Plasma
305,307,353,CAF,Smooth muscle,CAF,CAF - CAF - Smooth muscle
13,145,179,Plasma,CAF,CAF,CAF - CAF - Plasma
429,438,446,CAF,CAF,Macrophage,CAF - CAF - Macrophage
361,371,379,CAF,Malignant,CAF,CAF - CAF - Malignant
505,509,515,Malignant,Malignant,Malignant,Malignant - Malignant - Malignant
339,341,344,Plasma,Pericyte,Plasma,Pericyte - Plasma - Plasma
394,405,412,CAF,CAF,CAF,CAF - CAF - CAF
20,21,194,CAF,Plasma,Plasma,CAF - Plasma - Plasma
4,141,172,CAF,CAF,CAF,CAF - CAF - CAF
358,359,362,Macrophage,CAF,CAF,CAF - CAF - Macrophage
120,493,516,Malignant,Malignant,CAF,CAF - Malignant - Malignant
99,473,494,Malignant,Endothelial,CAF,CAF - Endothelial - Malignant
227,228,232,CAF,Macrophage,CAF,CAF - CAF - Macrophage
86,420,439,Malignant,Smooth muscle,CAF,CAF - Malignant - Smooth muscle
464,476,478,Endothelial,Endothelial,Macrophage,Endothelial - Endothelial - Macrophage
28,31,242,Malignant,Malignant,CAF,CAF - Malignant - Malignant
85,422,428,Natural killer,CAF,Macrophage,CAF - Macrophage - Natural killer
527,534,538,Malignant,Malignant,Malignant,Malignant - Malignant - Malignant
154,160,166,CAF,Schwann/nerve,CAF,CAF - CAF - Schwann/nerve
128,523,548,Macrophage,CAF,CAF,CAF - CAF - Macrophage
53,328,330,Mast,CAF,CAF,CAF - CAF - Mast
578,579,582,CD8+ T,CAF,CAF,CAF - CAF - CD8+ T
63,298,308,CAF,Natural killer,Mast,CAF - Mast - Natural killer
62,64,364,Plasma,Malignant,Mast,Malignant - Mast - Plasma
70,338,346,CAF,Malignant,CAF,CAF - CAF - Malignant
130,135,581,Malignant,Macrophage,Dendritic (activated),Dendritic (activated) - Macrophage - Malignant
173,174,200,CAF,CAF,Macrophage,CAF - CAF - Macrophage
63,298,317,CAF,Natural killer,CAF,CAF - CAF - Natural killer
96,440,465,CAF,CAF,Malignant,CAF - CAF - Malignant
280,290,292,Malignant,Malignant,Malignant,Malignant - Malignant - Malignant
22,25,215,Plasma,CAF,CAF,CAF - CAF - Plasma
91,94,449,Malignant,Macrophage,Malignant,Macrophage - Malignant - Malignant
137,529,540,Malignant,CAF,CAF,CAF - CAF - Malignant
220,222,237,Smooth muscle,CAF,Mast,CAF - Mast - Smooth muscle
22,23,25,Plasma,Macrophage,CAF,CAF - Macrophage - Plasma
106,113,493,Malignant,Macrophage,Malignant,Macrophage - Malignant - Malignant
115,491,501,CAF,CAF,Plasma,CAF - CAF - Plasma
477,489,505,CAF,Macrophage,Malignant,CAF - Macrophage - Malignant
486,500,562,CAF,Malignant,CAF,CAF - CAF - Malignant
276,281,293,CAF,Mast,CAF,CAF - CAF - Mast
197,203,205,CAF,CAF,CAF,CAF - CAF - CAF
261,300,317,CAF,Malignant,CAF,CAF - CAF - Malignant
144,147,152,Plasma,Macrophage,Macrophage,Macrophage - Macrophage - Plasma
148,172,183,CAF,CAF,Mast,CAF - CAF - Mast
76,78,399,CAF,CAF,CAF,CAF - CAF - CAF
65,67,370,Plasma,Treg,Endothelial,Endothelial - Plasma - Treg
159,164,166,Smooth muscle,Pericyte,CAF,CAF - Pericyte - Smooth muscle
341,374,383,Pericyte,Plasma,CAF,CAF - Pericyte - Plasma
480,487,491,CAF,Endothelial,CAF,CAF - CAF - Endothelial
106,107,482,Malignant,Malignant,Malignant,Malignant - Malignant - Malignant
67,75,385,Treg,Plasma,Endothelial,Endothelial - Plasma - Treg
459,467,469,Macrophage,CAF,CAF,CAF - CAF - Macrophage
273,285,288,CAF,Malignant,Malignant,CAF - Malignant - Malignant
90,445,459,Malignant,Malignant,Macrophage,Macrophage - Malignant - Malignant
451,456,470,CAF,Smooth muscle,CAF,CAF - CAF - Smooth muscle
454,481,490,CAF,CAF,CAF,CAF - CAF - CAF
119,122,506,Plasma,Plasma,Plasma,Plasma - Plasma - Plasma
535,545,564,CAF,Macrophage,CAF,CAF - CAF - Macrophage
524,555,559,Malignant,Endothelial,CAF,CAF - Endothelial - Malignant
117,121,122,Plasma,Plasma,Plasma,Plasma - Plasma - Plasma
166,176,181,CAF,Macrophage,CAF,CAF - CAF - Macrophage
565,573,574,Malignant,CAF,CAF,CAF - CAF - Malignant
4,236,278,CAF,Macrophage,Pericyte,CAF - Macrophage - Pericyte
536,542,544,Dendritic (activated),Plasma,Malignant,Dendritic (activated) - Malignant - Plasma
60,348,390,Macrophage,CAF,CAF,CAF - CAF - Macrophage
309,314,320,Pericyte,Plasma,Plasma,Pericyte - Plasma - Plasma
5,156,173,Pericyte,Malignant,CAF,CAF - Malignant - Pericyte
1,151,153,Malignant,CAF,CAF,CAF - CAF - Malignant
23,24,28,Macrophage,Macrophage,Malignant,Macrophage - Macrophage - Malignant
111,114,488,Endothelial,Plasma,Pericyte,Endothelial - Pericyte - Plasma
268,269,281,CAF,Malignant,Mast,CAF - Malignant - Mast
1,151,162,Malignant,CAF,Plasma,CAF - Malignant - Plasma
370,380,385,Endothelial,CAF,Endothelial,CAF - Endothelial - Endothelial
104,105,474,Malignant,Malignant,Malignant,Malignant - Malignant - Malignant
86,90,420,Malignant,Malignant,Smooth muscle,Malignant - Malignant - Smooth muscle
352,355,370,Endothelial,Plasma,Endothelial,Endothelial - Endothelial - Plasma
47,48,309,Macrophage,Macrophage,Pericyte,Macrophage - Macrophage - Pericyte
95,464,476,Malignant,Endothelial,Endothelial,Endothelial - Endothelial - Malignant
108,471,473,Malignant,CAF,Endothelial,CAF - Endothelial - Malignant
121,532,537,Plasma,CAF,Plasma,CAF - Plasma - Plasma
176,178,181,Macrophage,CAF,CAF,CAF - CAF - Macrophage
21,226,241,Plasma,Endothelial,Endothelial,Endothelial - Endothelial - Plasma
42,290,297,Malignant,Malignant,Malignant,Malignant - Malignant - Malignant
208,212,227,CAF,Malignant,CAF,CAF - CAF - Malignant
92,444,465,Malignant,Malignant,Malignant,Malignant - Malignant - Malignant
77,407,425,Pericyte,Plasma,CAF,CAF - Pericyte - Plasma
30,217,235,Malignant,Plasma,CAF,CAF - Malignant - Plasma
86,439,452,Malignant,CAF,Macrophage,CAF - Macrophage - Malignant
156,164,173,Malignant,Pericyte,CAF,CAF - Malignant - Pericyte
172,183,186,CAF,Mast,Mast,CAF - Mast - Mast
237,262,263,Mast,CAF,Macrophage,CAF - Macrophage - Mast
345,354,369,CAF,CAF,Mast,CAF - CAF - Mast
295,302,310,CAF,Macrophage,Pericyte,CAF - Macrophage - Pericyte
3,144,152,Macrophage,Plasma,Macrophage,Macrophage - Macrophage - Plasma
199,216,239,Mast,CAF,CAF,CAF - CAF - Mast
58,347,378,Malignant,Malignant,Malignant,Malignant - Malignant - Malignant
148,183,187,CAF,Mast,CAF,CAF - CAF - Mast
311,312,316,Malignant,Smooth muscle,Malignant,Malignant - Malignant - Smooth muscle
22,215,226,Plasma,CAF,Endothelial,CAF - Endothelial - Plasma
33,34,251,Plasma,Dendritic (conventional),Malignant,Dendritic (conventional) - Malignant - Plasma
76,78,403,CAF,CAF,Macrophage,CAF - CAF - Macrophage
490,497,498,CAF,CAF,Macrophage,CAF - CAF - Macrophage
71,380,396,Plasma,CAF,CAF,CAF - CAF - Plasma
143,149,150,CAF,Mast,Schwann/nerve,CAF - Mast - Schwann/nerve
130,552,567,Malignant,Plasma,CAF,CAF - Malignant - Plasma
9,148,187,Macrophage,CAF,CAF,CAF - CAF - Macrophage
130,135,544,Malignant,Macrophage,Malignant,Macrophage - Malignant - Malignant
266,275,286,CAF,Macrophage,Plasma,CAF - Macrophage - Plasma
19,192,200,Plasma,Plasma,Macrophage,Macrophage - Plasma - Plasma
316,319,332,Malignant,CAF,CAF,CAF - CAF - Malignant
504,514,516,CAF,CAF,CAF,CAF - CAF - CAF
516,523,543,CAF,CAF,CAF,CAF - CAF - CAF
212,219,227,Malignant,Malignant,CAF,CAF - Malignant - Malignant
87,425,434,Plasma,CAF,Pericyte,CAF - Pericyte - Plasma
451,464,478,CAF,Endothelial,Macrophage,CAF - Endothelial - Macrophage
110,112,511,Malignant,Malignant,Malignant,Malignant - Malignant - Malignant
88,89,444,Malignant,Malignant,Malignant,Malignant - Malignant - Malignant
108,467,471,Malignant,CAF,CAF,CAF - CAF - Malignant
211,212,219,CAF,Malignant,Malignant,CAF - Malignant - Malignant
377,397,398,CAF,CAF,CAF,CAF - CAF - CAF
114,117,122,Plasma,Plasma,Plasma,Plasma - Plasma - Plasma
134,136,557,Malignant,Malignant,Malignant,Malignant - Malignant - Malignant
302,306,310,Macrophage,Schwann/nerve,Pericyte,Macrophage - Pericyte - Schwann/nerve
41,53,328,Natural killer,Mast,CAF,CAF - Mast - Natural killer
108,467,489,Malignant,CAF,Macrophage,CAF - Macrophage - Malignant
131,563,576,Mast,CAF,CAF,CAF - CAF - Mast
49,55,327,CAF,Plasma,Plasma,CAF - Plasma - Plasma
396,404,407,CAF,Mast,Plasma,CAF - Mast - Plasma
120,123,517,Malignant,Malignant,Malignant,Malignant - Malignant - Malignant
36,255,260,Malignant,Malignant,CAF,CAF - Malignant - Malignant
61,352,370,CAF,Endothelial,Endothelial,CAF - Endothelial - Endothelial
14,162,178,Plasma,Plasma,CAF,CAF - Plasma - Plasma
115,480,491,CAF,CAF,CAF,CAF - CAF - CAF
20,195,206,CAF,Plasma,CAF,CAF - CAF - Plasma
239,245,261,CAF,Plasma,CAF,CAF - CAF - Plasma
296,312,318,CAF,Smooth muscle,Mast,CAF - Mast - Smooth muscle
377,386,397,CAF,CAF,CAF,CAF - CAF - CAF
382,391,395,CAF,CAF,CAF,CAF - CAF - CAF
80,427,442,Plasma,Pericyte,Plasma,Pericyte - Plasma - Plasma
419,433,435,Macrophage,CAF,Malignant,CAF - Macrophage - Malignant
153,168,169,CAF,Pericyte,Plasma,CAF - Pericyte - Plasma
42,311,324,Malignant,Malignant,Malignant,Malignant - Malignant - Malignant
197,203,204,CAF,CAF,CAF,CAF - CAF - CAF
36,254,273,Malignant,Pericyte,CAF,CAF - Malignant - Pericyte
124,506,512,Macrophage,Plasma,Macrophage,Macrophage - Macrophage - Plasma
271,287,291,CAF,CAF,CAF,CAF - CAF - CAF
315,346,358,Macrophage,CAF,Macrophage,CAF - Macrophage - Macrophage
11,17,163,Macrophage,Plasma,Malignant,Macrophage - Malignant - Plasma
69,362,381,Macrophage,CAF,CAF,CAF - CAF - Macrophage
23,25,234,Macrophage,CAF,Dendritic (conventional),CAF - Dendritic (conventional) - Macrophage
19,22,193,Plasma,Plasma,Schwann/nerve,Plasma - Plasma - Schwann/nerve
20,180,190,CAF,Schwann/nerve,Plasma,CAF - Plasma - Schwann/nerve
96,437,440,CAF,CAF,CAF,CAF - CAF - CAF
29,208,228,Macrophage,CAF,Macrophage,CAF - Macrophage - Macrophage
267,298,308,CAF,Natural killer,Mast,CAF - Mast - Natural killer
334,345,363,Neutrophil,CAF,CAF,CAF - CAF - Neutrophil
18,185,188,Malignant,Macrophage,Malignant,Macrophage - Malignant - Malignant
99,475,479,Malignant,Malignant,Malignant,Malignant - Malignant - Malignant
117,121,485,Plasma,Plasma,CAF,CAF - Plasma - Plasma
573,574,579,CAF,CAF,CAF,CAF - CAF - CAF
527,528,538,Malignant,CAF,Malignant,CAF - Malignant - Malignant
65,75,373,Plasma,Plasma,CAF,CAF - Plasma - Plasma
175,185,188,Malignant,Macrophage,Malignant,Macrophage - Malignant - Malignant
265,287,296,CAF,CAF,CAF,CAF - CAF - CAF
190,192,193,Plasma,Plasma,Schwann/nerve,Plasma - Plasma - Schwann/nerve
70,344,384,CAF,Plasma,Natural killer,CAF - Natural killer - Plasma
43,49,327,Macrophage,CAF,Plasma,CAF - Macrophage - Plasma
44,309,320,Macrophage,Pericyte,Plasma,Macrophage - Pericyte - Plasma
26,163,210,Dendritic (activated),Malignant,Endothelial,Dendritic (activated) - Endothelial - Malignant
300,301,353,Malignant,CAF,CAF,CAF - CAF - Malignant
307,353,356,Smooth muscle,CAF,Plasma,CAF - Plasma - Smooth muscle
